sku,week_start_date,units_sold,category
SKU-101,2024-01-01,73,Home
SKU-205,2024-01-01,95,Office
SKU-310,2024-01-01,113,Kitchen
SKU-442,2024-01-01,69,Outdoor
SKU-587,2024-01-01,93,Electronics
SKU-101,2024-01-08,81,Home
SKU-205,2024-01-08,99,Office
SKU-310,2024-01-08,110,Kitchen
SKU-442,2024-01-08,69,Outdoor
SKU-587,2024-01-08,113,Electronics
SKU-101,2024-01-15,85,Home
SKU-205,2024-01-15,91,Office
SKU-310,2024-01-15,123,Kitchen
SKU-442,2024-01-15,65,Outdoor
SKU-587,2024-01-15,93,Electronics
SKU-101,2024-01-22,87,Home
SKU-205,2024-01-22,92,Office
SKU-310,2024-01-22,110,Kitchen
SKU-442,2024-01-22,71,Outdoor
SKU-587,2024-01-22,87,Electronics
SKU-101,2024-01-29,84,Home
SKU-205,2024-01-29,90,Office
SKU-310,2024-01-29,113,Kitchen
SKU-442,2024-01-29,73,Outdoor
SKU-587,2024-01-29,89,Electronics
SKU-101,2024-02-05,76,Home
SKU-205,2024-02-05,107,Office
SKU-310,2024-02-05,111,Kitchen
SKU-442,2024-02-05,66,Outdoor
SKU-587,2024-02-05,55,Electronics
SKU-101,2024-02-12,86,Home
SKU-205,2024-02-12,116,Office
SKU-310,2024-02-12,115,Kitchen
SKU-442,2024-02-12,71,Outdoor
SKU-587,2024-02-12,118,Electronics
SKU-101,2024-02-19,81,Home
SKU-205,2024-02-19,124,Office
SKU-310,2024-02-19,112,Kitchen
SKU-442,2024-02-19,73,Outdoor
SKU-587,2024-02-19,99,Electronics
SKU-101,2024-02-26,84,Home
SKU-205,2024-02-26,120,Office
SKU-310,2024-02-26,118,Kitchen
SKU-442,2024-02-26,65,Outdoor
SKU-587,2024-02-26,106,Electronics
SKU-101,2024-03-04,78,Home
SKU-205,2024-03-04,94,Office
SKU-310,2024-03-04,105,Kitchen
SKU-442,2024-03-04,72,Outdoor
SKU-587,2024-03-04,92,Electronics
SKU-101,2024-03-11,81,Home
SKU-205,2024-03-11,94,Office
SKU-310,2024-03-11,110,Kitchen
SKU-442,2024-03-11,71,Outdoor
SKU-587,2024-03-11,99,Electronics
SKU-101,2024-03-18,87,Home
SKU-205,2024-03-18,84,Office
SKU-310,2024-03-18,114,Kitchen
SKU-442,2024-03-18,66,Outdoor
SKU-587,2024-03-18,74,Electronics
SKU-101,2024-03-25,81,Home
SKU-205,2024-03-25,96,Office
SKU-310,2024-03-25,115,Kitchen
SKU-442,2024-03-25,66,Outdoor
SKU-587,2024-03-25,95,Electronics
SKU-101,2024-04-01,89,Home
SKU-205,2024-04-01,86,Office
SKU-310,2024-04-01,114,Kitchen
SKU-442,2024-04-01,77,Outdoor
SKU-587,2024-04-01,125,Electronics
SKU-101,2024-04-08,78,Home
SKU-205,2024-04-08,90,Office
SKU-310,2024-04-08,116,Kitchen
SKU-442,2024-04-08,66,Outdoor
SKU-587,2024-04-08,74,Electronics
SKU-101,2024-04-15,78,Home
SKU-205,2024-04-15,88,Office
SKU-310,2024-04-15,113,Kitchen
SKU-442,2024-04-15,64,Outdoor
SKU-587,2024-04-15,100,Electronics
SKU-101,2024-04-22,79,Home
SKU-205,2024-04-22,91,Office
SKU-310,2024-04-22,113,Kitchen
SKU-442,2024-04-22,70,Outdoor
SKU-587,2024-04-22,85,Electronics
SKU-101,2024-04-29,88,Home
SKU-205,2024-04-29,89,Office
SKU-310,2024-04-29,116,Kitchen
SKU-442,2024-04-29,71,Outdoor
SKU-587,2024-04-29,76,Electronics
SKU-101,2024-05-06,90,Home
SKU-205,2024-05-06,107,Office
SKU-310,2024-05-06,109,Kitchen
SKU-442,2024-05-06,75,Outdoor
SKU-587,2024-05-06,119,Electronics
SKU-101,2024-05-13,90,Home
SKU-205,2024-05-13,119,Office
SKU-310,2024-05-13,112,Kitchen
SKU-442,2024-05-13,71,Outdoor
SKU-587,2024-05-13,100,Electronics
SKU-101,2024-05-20,84,Home
SKU-205,2024-05-20,117,Office
SKU-310,2024-05-20,108,Kitchen
SKU-442,2024-05-20,66,Outdoor
SKU-587,2024-05-20,84,Electronics
SKU-101,2024-05-27,84,Home
SKU-205,2024-05-27,121,Office
SKU-310,2024-05-27,113,Kitchen
SKU-442,2024-05-27,71,Outdoor
SKU-587,2024-05-27,96,Electronics
SKU-101,2024-06-03,90,Home
SKU-205,2024-06-03,99,Office
SKU-310,2024-06-03,115,Kitchen
SKU-442,2024-06-03,77,Outdoor
SKU-587,2024-06-03,73,Electronics
SKU-101,2024-06-10,84,Home
SKU-205,2024-06-10,100,Office
SKU-310,2024-06-10,111,Kitchen
SKU-442,2024-06-10,70,Outdoor
SKU-587,2024-06-10,51,Electronics
SKU-101,2024-06-17,93,Home
SKU-205,2024-06-17,91,Office
SKU-310,2024-06-17,107,Kitchen
SKU-442,2024-06-17,73,Outdoor
SKU-587,2024-06-17,73,Electronics
SKU-101,2024-06-24,85,Home
SKU-205,2024-06-24,92,Office
SKU-310,2024-06-24,113,Kitchen
SKU-442,2024-06-24,57,Outdoor
SKU-587,2024-06-24,97,Electronics
SKU-101,2024-07-01,92,Home
SKU-205,2024-07-01,83,Office
SKU-310,2024-07-01,117,Kitchen
SKU-442,2024-07-01,70,Outdoor
SKU-587,2024-07-01,85,Electronics
SKU-101,2024-07-08,90,Home
SKU-205,2024-07-08,86,Office
SKU-310,2024-07-08,118,Kitchen
SKU-442,2024-07-08,71,Outdoor
SKU-587,2024-07-08,104,Electronics
SKU-101,2024-07-15,89,Home
SKU-205,2024-07-15,86,Office
SKU-310,2024-07-15,116,Kitchen
SKU-442,2024-07-15,67,Outdoor
SKU-587,2024-07-15,84,Electronics
SKU-101,2024-07-22,89,Home
SKU-205,2024-07-22,90,Office
SKU-310,2024-07-22,114,Kitchen
SKU-442,2024-07-22,78,Outdoor
SKU-587,2024-07-22,81,Electronics
SKU-101,2024-07-29,86,Home
SKU-205,2024-07-29,92,Office
SKU-310,2024-07-29,109,Kitchen
SKU-442,2024-07-29,69,Outdoor
SKU-587,2024-07-29,117,Electronics
SKU-101,2024-08-05,93,Home
SKU-205,2024-08-05,104,Office
SKU-310,2024-08-05,120,Kitchen
SKU-442,2024-08-05,70,Outdoor
SKU-587,2024-08-05,101,Electronics
SKU-101,2024-08-12,87,Home
SKU-205,2024-08-12,116,Office
SKU-310,2024-08-12,111,Kitchen
SKU-442,2024-08-12,69,Outdoor
SKU-587,2024-08-12,89,Electronics
SKU-101,2024-08-19,97,Home
SKU-205,2024-08-19,132,Office
SKU-310,2024-08-19,117,Kitchen
SKU-442,2024-08-19,71,Outdoor
SKU-587,2024-08-19,73,Electronics
SKU-101,2024-08-26,101,Home
SKU-205,2024-08-26,126,Office
SKU-310,2024-08-26,114,Kitchen
SKU-442,2024-08-26,71,Outdoor
SKU-587,2024-08-26,89,Electronics
SKU-101,2024-09-02,100,Home
SKU-205,2024-09-02,103,Office
SKU-310,2024-09-02,111,Kitchen
SKU-442,2024-09-02,68,Outdoor
SKU-587,2024-09-02,105,Electronics
SKU-101,2024-09-09,93,Home
SKU-205,2024-09-09,97,Office
SKU-310,2024-09-09,113,Kitchen
SKU-442,2024-09-09,68,Outdoor
SKU-587,2024-09-09,109,Electronics
SKU-101,2024-09-16,102,Home
SKU-205,2024-09-16,91,Office
SKU-310,2024-09-16,106,Kitchen
SKU-442,2024-09-16,69,Outdoor
SKU-587,2024-09-16,82,Electronics
SKU-101,2024-09-23,97,Home
SKU-205,2024-09-23,83,Office
SKU-310,2024-09-23,108,Kitchen
SKU-442,2024-09-23,71,Outdoor
SKU-587,2024-09-23,97,Electronics
SKU-101,2024-09-30,103,Home
SKU-205,2024-09-30,85,Office
SKU-310,2024-09-30,106,Kitchen
SKU-442,2024-09-30,65,Outdoor
SKU-587,2024-09-30,78,Electronics
SKU-101,2024-10-07,96,Home
SKU-205,2024-10-07,90,Office
SKU-310,2024-10-07,117,Kitchen
SKU-442,2024-10-07,66,Outdoor
SKU-587,2024-10-07,103,Electronics
SKU-101,2024-10-14,95,Home
SKU-205,2024-10-14,98,Office
SKU-310,2024-10-14,113,Kitchen
SKU-442,2024-10-14,73,Outdoor
SKU-587,2024-10-14,75,Electronics
SKU-101,2024-10-21,92,Home
SKU-205,2024-10-21,86,Office
SKU-310,2024-10-21,115,Kitchen
SKU-442,2024-10-21,67,Outdoor
SKU-587,2024-10-21,77,Electronics
SKU-101,2024-10-28,105,Home
SKU-205,2024-10-28,89,Office
SKU-310,2024-10-28,116,Kitchen
SKU-442,2024-10-28,67,Outdoor
SKU-587,2024-10-28,102,Electronics
SKU-101,2024-11-04,95,Home
SKU-205,2024-11-04,98,Office
SKU-310,2024-11-04,109,Kitchen
SKU-442,2024-11-04,67,Outdoor
SKU-587,2024-11-04,103,Electronics
SKU-101,2024-11-11,103,Home
SKU-205,2024-11-11,125,Office
SKU-310,2024-11-11,118,Kitchen
SKU-442,2024-11-11,76,Outdoor
SKU-587,2024-11-11,106,Electronics
SKU-101,2024-11-18,105,Home
SKU-205,2024-11-18,133,Office
SKU-310,2024-11-18,116,Kitchen
SKU-442,2024-11-18,71,Outdoor
SKU-587,2024-11-18,73,Electronics
SKU-101,2024-11-25,99,Home
SKU-205,2024-11-25,116,Office
SKU-310,2024-11-25,115,Kitchen
SKU-442,2024-11-25,67,Outdoor
SKU-587,2024-11-25,84,Electronics
SKU-101,2024-12-02,109,Home
SKU-205,2024-12-02,98,Office
SKU-310,2024-12-02,112,Kitchen
SKU-442,2024-12-02,71,Outdoor
SKU-587,2024-12-02,101,Electronics
SKU-101,2024-12-09,102,Home
SKU-205,2024-12-09,94,Office
SKU-310,2024-12-09,113,Kitchen
SKU-442,2024-12-09,66,Outdoor
SKU-587,2024-12-09,82,Electronics
SKU-101,2024-12-16,106,Home
SKU-205,2024-12-16,93,Office
SKU-310,2024-12-16,108,Kitchen
SKU-442,2024-12-16,67,Outdoor
SKU-587,2024-12-16,77,Electronics
SKU-101,2024-12-23,101,Home
SKU-205,2024-12-23,86,Office
SKU-310,2024-12-23,106,Kitchen
SKU-442,2024-12-23,65,Outdoor
SKU-587,2024-12-23,76,Electronics
SKU-101,2024-12-30,104,Home
SKU-205,2024-12-30,91,Office
SKU-310,2024-12-30,115,Kitchen
SKU-442,2024-12-30,104,Outdoor
SKU-587,2024-12-30,90,Electronics
SKU-101,2025-01-06,102,Home
SKU-205,2025-01-06,101,Office
SKU-310,2025-01-06,120,Kitchen
SKU-442,2025-01-06,108,Outdoor
SKU-587,2025-01-06,89,Electronics
SKU-101,2025-01-13,107,Home
SKU-205,2025-01-13,87,Office
SKU-310,2025-01-13,120,Kitchen
SKU-442,2025-01-13,113,Outdoor
SKU-587,2025-01-13,111,Electronics
SKU-101,2025-01-20,95,Home
SKU-205,2025-01-20,91,Office
SKU-310,2025-01-20,112,Kitchen
SKU-442,2025-01-20,109,Outdoor
SKU-587,2025-01-20,69,Electronics
SKU-101,2025-01-27,113,Home
SKU-205,2025-01-27,94,Office
SKU-310,2025-01-27,118,Kitchen
SKU-442,2025-01-27,114,Outdoor
SKU-587,2025-01-27,123,Electronics
SKU-101,2025-02-03,104,Home
SKU-205,2025-02-03,99,Office
SKU-310,2025-02-03,112,Kitchen
SKU-442,2025-02-03,110,Outdoor
SKU-587,2025-02-03,105,Electronics
SKU-101,2025-02-10,115,Home
SKU-205,2025-02-10,116,Office
SKU-310,2025-02-10,109,Kitchen
SKU-442,2025-02-10,106,Outdoor
SKU-587,2025-02-10,60,Electronics
SKU-101,2025-02-17,107,Home
SKU-205,2025-02-17,127,Office
SKU-310,2025-02-17,113,Kitchen
SKU-442,2025-02-17,116,Outdoor
SKU-587,2025-02-17,88,Electronics
SKU-101,2025-02-24,108,Home
SKU-205,2025-02-24,103,Office
SKU-310,2025-02-24,119,Kitchen
SKU-442,2025-02-24,112,Outdoor
SKU-587,2025-02-24,94,Electronics
SKU-101,2025-03-03,117,Home
SKU-205,2025-03-03,100,Office
SKU-310,2025-03-03,113,Kitchen
SKU-442,2025-03-03,107,Outdoor
SKU-587,2025-03-03,82,Electronics
SKU-101,2025-03-10,113,Home
SKU-205,2025-03-10,96,Office
SKU-310,2025-03-10,115,Kitchen
SKU-442,2025-03-10,109,Outdoor
SKU-587,2025-03-10,91,Electronics
SKU-101,2025-03-17,113,Home
SKU-205,2025-03-17,93,Office
SKU-310,2025-03-17,112,Kitchen
SKU-442,2025-03-17,107,Outdoor
SKU-587,2025-03-17,81,Electronics
SKU-101,2025-03-24,112,Home
SKU-205,2025-03-24,93,Office
SKU-310,2025-03-24,113,Kitchen
SKU-442,2025-03-24,112,Outdoor
SKU-587,2025-03-24,99,Electronics
SKU-101,2025-03-31,111,Home
SKU-205,2025-03-31,83,Office
SKU-310,2025-03-31,107,Kitchen
SKU-442,2025-03-31,105,Outdoor
SKU-587,2025-03-31,83,Electronics
SKU-101,2025-04-07,111,Home
SKU-205,2025-04-07,92,Office
SKU-310,2025-04-07,102,Kitchen
SKU-442,2025-04-07,115,Outdoor
SKU-587,2025-04-07,81,Electronics
SKU-101,2025-04-14,110,Home
SKU-205,2025-04-14,99,Office
SKU-310,2025-04-14,110,Kitchen
SKU-442,2025-04-14,108,Outdoor
SKU-587,2025-04-14,79,Electronics
SKU-101,2025-04-21,107,Home
SKU-205,2025-04-21,90,Office
SKU-310,2025-04-21,114,Kitchen
SKU-442,2025-04-21,118,Outdoor
SKU-587,2025-04-21,106,Electronics
SKU-101,2025-04-28,115,Home
SKU-205,2025-04-28,99,Office
SKU-310,2025-04-28,110,Kitchen
SKU-442,2025-04-28,108,Outdoor
SKU-587,2025-04-28,99,Electronics
SKU-101,2025-05-05,112,Home
SKU-205,2025-05-05,100,Office
SKU-310,2025-05-05,120,Kitchen
SKU-442,2025-05-05,113,Outdoor
SKU-587,2025-05-05,111,Electronics
SKU-101,2025-05-12,116,Home
SKU-205,2025-05-12,115,Office
SKU-310,2025-05-12,110,Kitchen
SKU-442,2025-05-12,118,Outdoor
SKU-587,2025-05-12,116,Electronics
SKU-101,2025-05-19,110,Home
SKU-205,2025-05-19,129,Office
SKU-310,2025-05-19,114,Kitchen
SKU-442,2025-05-19,113,Outdoor
SKU-587,2025-05-19,57,Electronics
SKU-101,2025-05-26,125,Home
SKU-205,2025-05-26,113,Office
SKU-310,2025-05-26,117,Kitchen
SKU-442,2025-05-26,107,Outdoor
SKU-587,2025-05-26,116,Electronics
SKU-101,2025-06-02,116,Home
SKU-205,2025-06-02,99,Office
SKU-310,2025-06-02,111,Kitchen
SKU-442,2025-06-02,100,Outdoor
SKU-587,2025-06-02,66,Electronics
SKU-101,2025-06-09,115,Home
SKU-205,2025-06-09,95,Office
SKU-310,2025-06-09,111,Kitchen
SKU-442,2025-06-09,107,Outdoor
SKU-587,2025-06-09,112,Electronics
SKU-101,2025-06-16,121,Home
SKU-205,2025-06-16,85,Office
SKU-310,2025-06-16,112,Kitchen
SKU-442,2025-06-16,113,Outdoor
SKU-587,2025-06-16,88,Electronics
SKU-101,2025-06-23,111,Home
SKU-205,2025-06-23,91,Office
SKU-310,2025-06-23,106,Kitchen
SKU-442,2025-06-23,108,Outdoor
SKU-587,2025-06-23,89,Electronics
SKU-101,2025-06-30,116,Home
SKU-205,2025-06-30,91,Office
SKU-310,2025-06-30,116,Kitchen
SKU-442,2025-06-30,98,Outdoor
SKU-587,2025-06-30,83,Electronics
SKU-101,2025-07-07,121,Home
SKU-205,2025-07-07,100,Office
SKU-310,2025-07-07,112,Kitchen
SKU-442,2025-07-07,109,Outdoor
SKU-587,2025-07-07,99,Electronics
SKU-101,2025-07-14,130,Home
SKU-205,2025-07-14,99,Office
SKU-310,2025-07-14,120,Kitchen
SKU-442,2025-07-14,103,Outdoor
SKU-587,2025-07-14,99,Electronics
SKU-101,2025-07-21,122,Home
SKU-205,2025-07-21,95,Office
SKU-310,2025-07-21,116,Kitchen
SKU-442,2025-07-21,96,Outdoor
SKU-587,2025-07-21,126,Electronics
SKU-101,2025-07-28,128,Home
SKU-205,2025-07-28,98,Office
SKU-310,2025-07-28,109,Kitchen
SKU-442,2025-07-28,115,Outdoor
SKU-587,2025-07-28,77,Electronics
SKU-101,2025-08-04,124,Home
SKU-205,2025-08-04,97,Office
SKU-310,2025-08-04,115,Kitchen
SKU-442,2025-08-04,113,Outdoor
SKU-587,2025-08-04,91,Electronics
SKU-101,2025-08-11,120,Home
SKU-205,2025-08-11,116,Office
SKU-310,2025-08-11,121,Kitchen
SKU-442,2025-08-11,97,Outdoor
SKU-587,2025-08-11,94,Electronics
SKU-101,2025-08-18,124,Home
SKU-205,2025-08-18,130,Office
SKU-310,2025-08-18,118,Kitchen
SKU-442,2025-08-18,107,Outdoor
SKU-587,2025-08-18,64,Electronics
SKU-101,2025-08-25,126,Home
SKU-205,2025-08-25,126,Office
SKU-310,2025-08-25,115,Kitchen
SKU-442,2025-08-25,120,Outdoor
SKU-587,2025-08-25,106,Electronics
SKU-101,2025-09-01,130,Home
SKU-205,2025-09-01,91,Office
SKU-310,2025-09-01,113,Kitchen
SKU-442,2025-09-01,102,Outdoor
SKU-587,2025-09-01,79,Electronics
SKU-101,2025-09-08,120,Home
SKU-205,2025-09-08,87,Office
SKU-310,2025-09-08,126,Kitchen
SKU-442,2025-09-08,111,Outdoor
SKU-587,2025-09-08,96,Electronics
SKU-101,2025-09-15,128,Home
SKU-205,2025-09-15,87,Office
SKU-310,2025-09-15,110,Kitchen
SKU-442,2025-09-15,112,Outdoor
SKU-587,2025-09-15,96,Electronics
SKU-101,2025-09-22,125,Home
SKU-205,2025-09-22,94,Office
SKU-310,2025-09-22,113,Kitchen
SKU-442,2025-09-22,118,Outdoor
SKU-587,2025-09-22,84,Electronics
SKU-101,2025-09-29,122,Home
SKU-205,2025-09-29,92,Office
SKU-310,2025-09-29,117,Kitchen
SKU-442,2025-09-29,104,Outdoor
SKU-587,2025-09-29,89,Electronics
SKU-101,2025-10-06,127,Home
SKU-205,2025-10-06,90,Office
SKU-310,2025-10-06,118,Kitchen
SKU-442,2025-10-06,112,Outdoor
SKU-587,2025-10-06,90,Electronics
SKU-101,2025-10-13,128,Home
SKU-205,2025-10-13,88,Office
SKU-310,2025-10-13,121,Kitchen
SKU-442,2025-10-13,95,Outdoor
SKU-587,2025-10-13,61,Electronics
SKU-101,2025-10-20,131,Home
SKU-205,2025-10-20,94,Office
SKU-310,2025-10-20,120,Kitchen
SKU-442,2025-10-20,108,Outdoor
SKU-587,2025-10-20,91,Electronics
SKU-101,2025-10-27,132,Home
SKU-205,2025-10-27,99,Office
SKU-310,2025-10-27,115,Kitchen
SKU-442,2025-10-27,107,Outdoor
SKU-587,2025-10-27,108,Electronics
SKU-101,2025-11-03,133,Home
SKU-205,2025-11-03,107,Office
SKU-310,2025-11-03,109,Kitchen
SKU-442,2025-11-03,111,Outdoor
SKU-587,2025-11-03,103,Electronics
SKU-101,2025-11-10,134,Home
SKU-205,2025-11-10,125,Office
SKU-310,2025-11-10,119,Kitchen
SKU-442,2025-11-10,103,Outdoor
SKU-587,2025-11-10,88,Electronics
SKU-101,2025-11-17,131,Home
SKU-205,2025-11-17,128,Office
SKU-310,2025-11-17,112,Kitchen
SKU-442,2025-11-17,103,Outdoor
SKU-587,2025-11-17,136,Electronics
SKU-101,2025-11-24,134,Home
SKU-205,2025-11-24,112,Office
SKU-310,2025-11-24,111,Kitchen
SKU-442,2025-11-24,106,Outdoor
SKU-587,2025-11-24,85,Electronics
SKU-101,2025-12-01,138,Home
SKU-205,2025-12-01,94,Office
SKU-310,2025-12-01,106,Kitchen
SKU-442,2025-12-01,117,Outdoor
SKU-587,2025-12-01,88,Electronics
SKU-101,2025-12-08,131,Home
SKU-205,2025-12-08,97,Office
SKU-310,2025-12-08,114,Kitchen
SKU-442,2025-12-08,118,Outdoor
SKU-587,2025-12-08,91,Electronics
SKU-101,2025-12-15,136,Home
SKU-205,2025-12-15,97,Office
SKU-310,2025-12-15,114,Kitchen
SKU-442,2025-12-15,109,Outdoor
SKU-587,2025-12-15,73,Electronics
SKU-101,2025-12-22,128,Home
SKU-205,2025-12-22,100,Office
SKU-310,2025-12-22,110,Kitchen
SKU-442,2025-12-22,108,Outdoor
SKU-587,2025-12-22,100,Electronics
